"","pl_species_original","pl_family","gbif_id","pl_species_corrected"
"1","Abies alba","Pinaceae","2685484","Abies alba"
"2","Abies balsamea","Pinaceae","2685383","Abies balsamea"
"3","Abies bornmulleriana","Pinaceae","2685552","Abies nordmanniana"
"4","Abies lasiocarpa","Pinaceae","2685313","Abies lasiocarpa"
"5","Acacia aneura","Fabaceae","2979331","Acacia aneura"
"6","Acacia dtepanolobium","Fabaceae","3974788","Vachellia drepanolobium"
"7","Acacia robusta","Fabaceae","8166188","Vachellia robusta"
"8","Acacia tortilis","Fabaceae","3974700","Vachellia tortilis"
"9","Acacia xanthophloea","Fabaceae","7403310","Vachellia xanthophloea"
"10","Acer amoenum","Sapindaceae","3189882","Acer palmatum"
"11","Acer campestre","Sapindaceae","3189863","Acer campestre"
"12","Acer grandidentatum Nutt.","Sapindaceae","7546232","Acer grandidentatum"
"13","Acer japonicum","Sapindaceae","3767816","Acer japonicum"
"14","Acer mono","Sapindaceae","7262911","Acer pictum"
"15","Acer platanoides","Sapindaceae","3189846","Acer platanoides"
"16","Acer pseudoplatanus","Sapindaceae","3189870","Acer pseudoplatanus"
"17","Acer rubrum","Sapindaceae","3189883","Acer rubrum"
"18","Acer rubrum L.","Sapindaceae","3189883","Acer rubrum"
"19","Acer saccharinum","Sapindaceae","3189837","Acer saccharinum"
"20","Acer sacharum","Sapindaceae","3189859","Acer saccharum"
"21","Actinidia chinensi","Actinidiaceae","3189694","Actinidia chinensis"
"22","Actinidia chinensis var. Chinensis","Actinidiaceae","3189694","Actinidia chinensis"
"23","Actinidia deliciosa","Actinidiaceae","3189694","Actinidia chinensis"
"24","Actinidia deliciosa var. deliciosa 'Hayward', with Actinidia chinensis Planch. var. chinensis ‘Hort16A’ scions","Actinidiaceae","3189694","Actinidia chinensis"
"25","Actinodaphne borneensis","Lauraceae","4178179","Actinodaphne borneensis"
"26","Adansonia rubrostipa","Malvaceae","5663140","Adansonia rubrostipa"
"27","Adansonia za","Malvaceae","5663122","Adansonia za"
"28","Adenanthos cygnorum","Proteaceae","7287327","Adenanthos cygnorum"
"29","Adiantum capillus-veneris","Pteridaceae","11072362","Adiantum capillus"
"30","Adiantum raddianum","Pteridaceae","2651826","Adiantum raddianum"
"31","Agathis australis","Araucariaceae","5284415","Agathis australis"
"32","Agathis borneensis","Araucariaceae","5284426","Agathis borneensis"
"33","Agave deserti","Asparagaceae","2767087","Agave deserti"
"34","Agrostistachys longifolia","Euphorbiaceae","7910309","Agrostistachys longifolia"
"35","Alchemilla mollis","Rosaceae","3028528","Alchemilla mollis"
"36","Alnus cordata","Betulaceae","2876607","Alnus cordata"
"37","Alnus glutinosa","Betulaceae","2876213","Alnus glutinosa"
"38","Alnus regosa","Betulaceae","11487994","Alnus rugosa"
"39","Alsophila australis","Cyatheaceae","7314637","Alsophila australis"
"40","Ambrosia dumosa","Asteraceae","3110634","Ambrosia dumosa"
"41","Amelanchier alnifolia Nutt.","Rosaceae","8168485","Amelanchier alnifolia"
"42","Amelanchier laevis","Rosaceae","3023832","Amelanchier laevis"
"43","Anacardium excelsum","Anacardiaceae","5544303","Anacardium excelsum"
"44","Angophora bakeri E.C.Hall","Myrtaceae","7587595","Angophora bakeri"
"45","Apium graveolens","Apiaceae","5371879","Apium graveolens"
"46","Arabidopsis thaliana","Brassicaceae","3052436","Arabidopsis thaliana"
"47","Araucaria hunsteinii","Araucariaceae","2684933","Araucaria hunsteinii"
"48","Arbutus unedo","Ericaceae","2882803","Arbutus unedo"
"49","Arbutus unedo L.","Ericaceae","2882803","Arbutus unedo"
"50","Argyrodendron peralatum","Malvaceae","11109445","Argyrodendron peralatum"
"51","Artemisia ordosica","Asteraceae","3121069","Artemisia ordosica"
"52","Artemisia tridentata","Asteraceae","9396703","Artemisia tridentata"
"53","Artemisia trzdentata Nutt. ssp. wyomingensis","Asteraceae","9396703","Artemisia tridentata"
"54","Arundinaria tecta","Poaceae","4114066","Arundinaria tecta"
"55","Aspidosperma cruenta","Apocynaceae","3618995","Aspidosperma cruentum"
"56","Aspilia pluriseta","Asteraceae","5396221","Aspilia pluriseta"
"57","Austrocedrus chilensis","Cupressaceae","2684878","Austrocedrus chilensis"
"58","Avicennia germinans","Acanthaceae","2925400","Avicennia germinans"
"59","Avicennia marina","Acanthaceae","2925403","Avicennia marina"
"60","Avicennia marina (Forssk.) Vierh","Acanthaceae","2925403","Avicennia marina"
"61","Betula alba","Betulaceae","9118014","Betula pubescens"
"62","Betula glandulosa Michx.","Betulaceae","5331640","Betula glandulosa"
"63","Betula occidentalis","Betulaceae","5332055","Betula occidentalis"
"64","Betula occidentalis Hook.","Betulaceae","5332055","Betula occidentalis"
"65","Betula pendula","Betulaceae","5331916","Betula pendula"
"66","Blepharocalyx salicifolius","Myrtaceae","3187875","Blepharocalyx salicifolius"
"67","Botrychium dissectum","Ophioglossaceae","3659476","Sceptridium dissectum"
"68","Brachiaria decumbens","Poaceae","4150772","Urochloa eminii"
"69","Buddeia daviddii","Scrophulariaceae","3173338","Buddleja davidii"
"70","Byrsonima laxiflora","Malpighiaceae","7285610","Byrsonima laxiflora"
"71","Byrsonima pachyphylla","Malpighiaceae","7285505","Byrsonima pachyphylla"
"72","Callitris rhomboidea","Cupressaceae","2684320","Callitris rhomboidea"
"73","Callitris rhomboidea R. Br. ex A. Rich. & Rich","Cupressaceae","2684320","Callitris rhomboidea"
"74","Calycanthus floridus","Calycanthaceae","3034113","Calycanthus floridus"
"75","Calycophyllum candidissimum","Rubiaceae","2904009","Calycophyllum candidissimum"
"76","Capsicum annuum L. var California Wonder","Solanaceae","2932944","Capsicum annuum"
"77","Caragana korshinskii","Fabaceae","2943277","Caragana korshinskii"
"78","Cardwellia sublimis","Proteaceae","3996518","Cardwellia sublimis"
"79","Carpinus betulus","Betulaceae","2875818","Carpinus betulus"
"80","Carpinus orientalis Mill.","Betulaceae","2875780","Carpinus orientalis"
"81","Caryocar brasiliense","Caryocaraceae","3189663","Caryocar brasiliense"
"82","Castanea sativa","Fagaceae","5333294","Castanea sativa"
"83","Castanea sativa L","Fagaceae","5333294","Castanea sativa"
"84","Castanopsis chinensis","Fagaceae","5333067","Castanopsis chinensis"
"85","Catalpa speciosa","Bignoniaceae","3172612","Catalpa speciosa"
"86","Cecropia insignis","Urticaceae","4013292","Cecropia insignis"
"87","Cecropia longipes","Urticaceae","4013134","Cecropia longipes"
"88","Cecropia obtusifolia","Urticaceae","2984473","Cecropia obtusifolia"
"89","Ceratonia siliqua","Fabaceae","5356354","Ceratonia siliqua"
"90","Cercis siliquastrum","Fabaceae","5353590","Cercis siliquastrum"
"91","Chassalia chartacea","Rubiaceae","2912772","Chassalia curviflora"
"92","Chromolaena odorata","Asteraceae","3087725","Chromolaena odorata"
"93","Cinnamomum camphora","Lauraceae","3033991","Cinnamomum camphora"
"94","Cistus creticus L.","Cistaceae","6438085","Cistus creticus"
"95","Citrus sinensis","Rutaceae","8077391","Citrus aurantium"
"96","Clethra alnifolia","Clethraceae","2888323","Clethra alnifolia"
"97","Coccoloba manzanillensis","Polygonaceae","7737707","Coccoloba manzanillensis"
"98","Coffea arabica L. cv. IAC 44","Rubiaceae","2895345","Coffea arabica"
"99","Coffea arabica var San Ramon","Rubiaceae","2895345","Coffea arabica"
"100","Coffea arabica var typica","Rubiaceae","2895345","Coffea arabica"
"101","Coffea arabica var Yellow Caturra","Rubiaceae","2895345","Coffea arabica"
"102","Coffea canephora","Rubiaceae","2895528","Coffea canephora"
"103","Coffea canephora cv. conilon","Rubiaceae","2895528","Coffea canephora"
"104","Coleus blumei","Lamiaceae","5341492","Coleus scutellarioides"
"105","Cordia alliodora","Cordiaceae","7649215","Cordia alliodora"
"106","Cordia ovalis","Cordiaceae","7295132","Cordia monoica"
"107","Cornus florida","Cornaceae","3082240","Cornus florida"
"108","Cornus sericea L.","Cornaceae","3082244","Cornus sericea"
"109","Corylus avellana","Betulaceae","2875979","Corylus avellana"
"110","Corylus colurna","Betulaceae","2875968","Corylus colurna"
"111","Corymbia bella","Myrtaceae","5418441","Corymbia bella"
"112","Corymbia calophylla","Myrtaceae","5418394","Corymbia calophylla"
"113","Corymbia clarksoniana","Myrtaceae","5418362","Corymbia clarksoniana"
"114","Corymbia opaca","Myrtaceae","10846427","Corymbia opaca"
"115","Corymbia tesselaris","Myrtaceae","5418427","Corymbia tessellaris"
"116","Cotinus coggygria","Anacardiaceae","3190522","Cotinus coggygria"
"117","Crataegus macrocarpa","Rosaceae","3013688","Crataegus macrocarpa"
"118","Cryptocarya mackinnoniana","Lauraceae","4175631","Cryptocarya mackinnoniana"
"119","Cucumis sativus","Cucurbitaceae","2874569","Cucumis sativus"
"120","Cucurbita maxima","Cucurbitaceae","2874515","Cucurbita maxima"
"121","Cucurbita moschata","Cucurbitaceae","7393329","Cucurbita moschata"
"122","Cyrtomium falcatum","Dryopteridaceae","2650829","Cyrtomium falcatum"
"123","Daphnandra repandula","Atherospermataceae","3782553","Daphnandra repandula"
"124","Dennstaedtia davallioides","Dennstaedtiaceae","3605611","Dennstaedtia davallioides"
"125","Didymopanax macrocarpum","Araliaceae","3038751","Didymopanax macrocarpus"
"126","Digitaria adscendens","Poaceae","5289998","Digitaria ciliaris"
"127","Diplotropis purpurea (Rich.) Amsh.","Fabaceae","5355625","Diplotropis purpurea"
"128","Drimys brasiliensis","Winteraceae","7288410","Drimys brasiliensis"
"129","Dysoxylum papuanum","Meliaceae","11754779","Didymocheton papuanus"
"130","Elaeis guineensis","Arecaceae","2731882","Elaeis guineensis"
"131","Eleusine indica","Poaceae","2705953","Eleusine indica"
"132","Encelia farinosa","Asteraceae","3118746","Encelia farinosa"
"133","Endiandra microneura","Lauraceae","4177723","Endiandra microneura"
"134","Enterolobium cyclocarpum","Fabaceae","2961150","Enterolobium cyclocarpum"
"135","Eperua falcata Aub.","Fabaceae","2943522","Eperua falcata"
"136","Eremaea pauciflora","Myrtaceae","9263926","Melaleuca rariflora"
"137","Erisma uncinatum","Vochysiaceae","5650915","Erisma uncinatum"
"138","Erythroxylum suberosum","Erythroxylaceae","7284843","Erythroxylum suberosum"
"139","Eschweilera coriacea","Lecythidaceae","3083231","Eschweilera coriacea"
"140","Eschweilera grandiflora","Lecythidaceae","3083408","Eschweilera grandiflora"
"141","Eucalyptus argophloia","Myrtaceae","3176287","Eucalyptus argophloia"
"142","Eucalyptus camaldulensis","Myrtaceae","11869920","Eucalyptus camaldulensis"
"143","Eucalyptus dunnii","Myrtaceae","3176577","Eucalyptus dunnii"
"144","Eucalyptus globulus","Myrtaceae","3176787","Eucalyptus globulus"
"145","Eucalyptus globulus Labill","Myrtaceae","3176787","Eucalyptus globulus"
"146","Eucalyptus grandis","Myrtaceae","3177028","Eucalyptus grandis"
"147","Eucalyptus grandis × Eucalyptus urophylla","Myrtaceae","3177028","Eucalyptus grandis"
"148","Eucalyptus kochii ssp. borealis","Myrtaceae","3176490","Eucalyptus kochii"
"149","Eucalyptus marginata","Myrtaceae","3177295","Eucalyptus marginata"
"150","Eucalyptus platyphylla","Myrtaceae","3176670","Eucalyptus platyphylla"
"151","Eucalyptus sclerophylla","Myrtaceae","3176216","Eucalyptus sclerophylla"
"152","Eucalyptus sideroxylon","Myrtaceae","3177189","Eucalyptus sideroxylon"
"153","Eucalyptus tereticornis","Myrtaceae","3176719","Eucalyptus tereticornis"
"154","Eucalyptus tetrodonta","Myrtaceae","3176575","Eucalyptus tetrodonta"
"155","Eucalyptus urophylla","Myrtaceae","3176605","Eucalyptus urophylla"
"156","Eucalyptus urophylla × Eucalyptus grandis","Myrtaceae","3176605","Eucalyptus urophylla"
"157","Eucalyptus victrix","Myrtaceae","3176710","Eucalyptus victrix"
"158","Eucalypus globulus","Myrtaceae","3176787","Eucalyptus globulus"
"159","Eugenia bankensis","Myrtaceae","3182178","Syzygium bankense"
"160","Eupatorium rotundifolium","Asteraceae","5403110","Eupatorium rotundifolium"
"161","Fagus crenata Blume","Fagaceae","2882300","Fagus crenata"
"162","Fagus japonica Maxim","Fagaceae","2882368","Fagus japonica"
"163","Fagus sylvatica","Fagaceae","2882316","Fagus sylvatica"
"164","Faidherbia albida","Fabaceae","5360150","Faidherbia albida"
"165","Ficus insipida","Moraceae","6358534","Ficus insipida"
"166","Fillipendula vulgaris","Rosaceae","2988069","Filipendula vulgaris"
"167","Fragaria ananassa","Rosaceae","3029912","Fragaria ananassa"
"168","Fraxinus americana","Oleaceae","3172327","Fraxinus americana"
"169","Fraxinus excelsior","Oleaceae","3172358","Fraxinus excelsior"
"170","Fraxinus mandshurica","Oleaceae","6433032","Fraxinus mandshurica"
"171","Fraxinus ornus","Oleaceae","3172347","Fraxinus ornus"
"172","Gaylussacia frondosa","Ericaceae","2882729","Gaylussacia frondosa"
"173","Geissospermum sericeum","Apocynaceae","3616350","Geissospermum sericeum"
"174","Geranium molle L.","Geraniaceae","2891488","Geranium molle"
"175","Ginkgo biloba","Ginkgoaceae","2687885","Ginkgo biloba"
"176","Gleditsia triacanthos","Fabaceae","2959443","Gleditsia triacanthos"
"177","Glycine max (L.) Merr.","Fabaceae","5359660","Glycine max"
"178","Glycine max L.","Fabaceae","5359660","Glycine max"
"179","Glycine max L. (Merr.) cv. Clark","Fabaceae","5359660","Glycine max"
"180","Goupia glabra","Goupiaceae","3760960","Goupia glabra"
"181","Guapira areolata","Nyctaginaceae","3700439","Guapira areolata"
"182","Guapira noxia","Nyctaginaceae","3701117","Guapira noxia"
"183","Guiera senegalensis","Combretaceae","3699789","Guiera senegalensis"
"184","Gutierrezia sarothrae","Asteraceae","5385067","Gutierrezia sarothrae"
"185","Halesia tetraptera","Styracaceae","5371652","Halesia tetraptera"
"186","Helianthus annuus","Asteraceae","9206251","Helianthus annuus"
"187","Helianthus anomalus","Asteraceae","3119246","Helianthus anomalus"
"188","Helianthus deserticola","Asteraceae","3119233","Helianthus deserticola"
"189","Helleborus odorus L.","Ranunculaceae","7277077","Helleborus odorus"
"190","Heritiera albiflora","Malvaceae","8132056","Heritiera albiflora"
"191","Heterodendrum oleifolium","Sapindaceae","7265069","Alectryon oleifolius"
"192","Hevea brasiliensis","Euphorbiaceae","3071171","Hevea brasiliensis"
"193","Hilaria rigida","Poaceae","2702841","Hilaria rigida"
"194","Hirtela bicornis","Chrysobalanaceae","2985124","Hirtella bicornis"
"195","Hymenoclea salsola","Asteraceae","3110682","Ambrosia salsola"
"196","Hymenolobium flavum","Fabaceae","2951902","Hymenolobium flavum"
"197","Ilex glabra","Aquifoliaceae","5414266","Ilex glabra"
"198","Ischaemum afra","Poaceae","4144035","Ischaemum afrum"
"199","Jacksonia floribunda","Fabaceae","5359777","Jacksonia floribunda"
"200","Juglans regia","Juglandaceae","3054368","Juglans regia"
"201","Juniperus ashei Buchholz","Cupressaceae","2684487","Juniperus ashei"
"202","Juniperus monosperma","Cupressaceae","2684633","Juniperus monosperma"
"203","Juniperus osteosperma","Cupressaceae","2684818","Juniperus osteosperma"
"204","Kielmeyera coriaceae","Calophyllaceae","7330272","Kielmeyera coriacea"
"205","Laguncularia racemosa","Combretaceae","3189382","Laguncularia racemosa"
"206","Larix decidua","Pinaceae","2686212","Larix decidua"
"207","Larix occidentalis","Pinaceae","2686270","Larix occidentalis"
"208","Larrea tridentata","Zygophyllaceae","7568403","Larrea tridentata"
"209","Laurus nobilis","Lauraceae","3034015","Laurus nobilis"
"210","Lecythis confertiflora","Lecythidaceae","3082437","Lecythis confertiflora"
"211","Licania heteromorpha","Chrysobalanaceae","11124642","Licania heteromorpha"
"212","Licania kunthiana","Chrysobalanaceae","2985361","Licania kunthiana"
"213","Licania octandra","Chrysobalanaceae","7888005","Licania octandra"
"214","Licaria ameniaca","Lauraceae","4183187","Licaria armeniaca"
"215","Lippia javanica","Verbenaceae","4086664","Lippia javanica"
"216","Liquidambar formosana","Altingiaceae","3702542","Liquidambar formosana"
"217","Liquidambar styraciflua","Altingiaceae","3152824","Liquidambar styraciflua"
"218","Liquidambar styraciflua L.","Altingiaceae","3152824","Liquidambar styraciflua"
"219","Liriodendron chinesis","Magnoliaceae","3152873","Liriodendron chinense"
"220","Liriodendron tulipifera L.","Magnoliaceae","3152861","Liriodendron tulipifera"
"221","Litsea leefeana","Lauraceae","4183152","Litsea leefeana"
"222","Luehea seemannii","Malvaceae","7149790","Luehea seemannii"
"223","Lupinus angustifolius","Fabaceae","2964025","Lupinus angustifolius"
"224","Lycopersicum esculentum","Solanaceae","3801770","Lycopersicum esculentum"
"225","Lyonia lucida","Ericaceae","5333386","Lyonia lucida"
"226","Macadamia tetraphylla × Macadamia integrifolia","Proteaceae","2891787","Macadamia tetraphylla"
"227","Macaranga triloba","Euphorbiaceae","3074333","Macaranga triloba"
"228","Machaerium acutifolium","Fabaceae","5354997","Machaerium acutifolium"
"229","Machaerium opacum","Fabaceae","5355028","Machaerium opacum"
"230","Magnolia soulangeana","Magnoliaceae","7925303","Magnolia soulangeana"
"231","Malus communis","Rosaceae","3001244","Malus domestica"
"232","Malus domestica","Rosaceae","3001244","Malus domestica"
"233","Malus domestica Borkh.","Rosaceae","3001244","Malus domestica"
"234","Malus pumila","Rosaceae","3001430","Malus orientalis"
"235","Mangifera indica","Anacardiaceae","3190638","Mangifera indica"
"236","Manilkara bidentata","Sapotaceae","2885366","Manilkara bidentata"
"237","Manilkara huberi","Sapotaceae","2885087","Manilkara huberi"
"238","Manilkara paraensi","Sapotaceae","2885140","Manilkara paraensis"
"239","Manilkara paraensis","Sapotaceae","2885140","Manilkara paraensis"
"240","Maranthes corymbosa","Chrysobalanaceae","2984717","Maranthes corymbosa"
"241","Marsilea vestita","Marsileaceae","5274877","Marsilea vestita"
"242","Medicago sativa (L.) cv. Arc","Fabaceae","9151957","Medicago sativa"
"243","Melaleuca argentea","Myrtaceae","5415741","Melaleuca argentea"
"244","Melaleuca suaveolens","Myrtaceae","3188420","Lophostemon suaveolens"
"245","Melaleuca viridiflora","Myrtaceae","5416109","Melaleuca viridiflora"
"246","Melastoma malabathricum","Melastomataceae","3188511","Melastoma malabathricum"
"247","Mezilaurus mahuba","Lauraceae","4182178","Mezilaurus mahuba"
"248","Michelia chapensis","Magnoliaceae","3153749","Magnolia chapensis"
"249","Miconia argentea","Melastomataceae","3859926","Miconia argentea"
"250","Miconia cuspidata","Melastomataceae","3868289","Miconia cuspidata"
"251","Miconia ferruginata","Melastomataceae","3866305","Miconia ferruginata"
"252","Miconia pohliana","Melastomataceae","3862499","Miconia leucocarpa"
"253","Micropholis venulosa","Sapotaceae","5333937","Micropholis venulosa"
"254","Myrcia rostrata","Myrtaceae","3174691","Myrcia splendens"
"255","Myrcia tomentosa","Myrtaceae","3174416","Myrcia tomentosa"
"256","Myrica gale","Myricaceae","5414202","Myrica gale"
"257","Myristica globosa subsp. muelleri","Myristicaceae","7333724","Myristica globosa"
"258","Myrsine ferruginea","Primulaceae","7844328","Myrsine coriacea"
"259","Myrsine guianensis","Primulaceae","3169446","Myrsine guianensis"
"260","Myrtus communis","Myrtaceae","3180085","Myrtus communis"
"261","Nicotiana rustica","Solanaceae","2928775","Nicotiana rustica"
"262","Notholaena californica","Pteridaceae","2651611","Notholaena californica"
"263","Notholaena parryi","Pteridaceae","7844080","Myriopteris parryi"
"264","Olea europaea","Oleaceae","5415040","Olea europaea"
"265","Olea europaea L","Oleaceae","5415040","Olea europaea"
"266","Olea europea","Oleaceae","5415040","Olea europaea"
"267","Olea oleaster","Oleaceae","5415040","Olea europaea"
"268","Onoclea sensibilis","Onocleaceae","2650903","Onoclea sensibilis"
"269","Oryza sativa","Poaceae","2703459","Oryza sativa"
"270","Oryza sativa L.","Poaceae","2703459","Oryza sativa"
"271","Ouratea castaneaefolia","Ochnaceae","3696564","Ouratea castaneifolia"
"272","Ouratea hexasperma","Ochnaceae","7326838","Ouratea hexasperma"
"273","Oxydendrum arboreum","Ericaceae","2882708","Oxydendrum arboreum"
"274","Palicourea guianensis","Rubiaceae","2898772","Palicourea guianensis"
"275","Panicum virgatum","Poaceae","2705081","Panicum virgatum"
"276","Persea americana","Lauraceae","3034046","Persea americana"
"277","Persea palustris","Lauraceae","3034052","Persea palustris"
"278","Phaseolus vulgaris","Fabaceae","5350452","Phaseolus vulgaris"
"279","Phellodendron lavallei","Rutaceae","3190154","Phellodendron amurense"
"280","Phillyrea latifolia","Oleaceae","7325923","Phillyrea latifolia"
"281","Phillyrea latifolia L.","Oleaceae","7325923","Phillyrea latifolia"
"282","Phllostachys edulis","Poaceae","5290168","Phyllostachys edulis"
"283","Phlomis fruticosa L.","Lamiaceae","2927452","Phlomis fruticosa"
"284","Phyllocladus trichomanoides","Phyllocladaceae","5284474","Phyllocladus trichomanoides"
"285","Phyllostachys pubescens","Poaceae","5290168","Phyllostachys edulis"
"286","Picea abies","Pinaceae","5284884","Picea abies"
"287","Picea glauca","Pinaceae","5284745","Picea glauca"
"288","Picea mariana","Pinaceae","5284802","Picea mariana"
"289","Picea rubens","Pinaceae","5284717","Picea rubens"
"290","Picea sitchensis","Pinaceae","5284827","Picea sitchensis"
"291","Pinus banksiana","Pinaceae","5285533","Pinus banksiana"
"292","Pinus cembra","Pinaceae","5285134","Pinus cembra"
"293","Pinus contorta","Pinaceae","5285750","Pinus contorta"
"294","Pinus densiflora","Pinaceae","5285104","Pinus densiflora"
"295","Pinus edulis","Pinaceae","5285796","Pinus edulis"
"296","Pinus elliottii","Pinaceae","5285777","Pinus elliottii"
"297","Pinus flexilis","Pinaceae","5285551","Pinus flexilis"
"298","Pinus massoniana","Pinaceae","5285215","Pinus massoniana"
"299","Pinus monticola","Pinaceae","5285621","Pinus monticola"
"300","Pinus palustris","Pinaceae","5285816","Pinus palustris"
"301","Pinus pinaster","Pinaceae","5285565","Pinus pinaster"
"302","Pinus pinea","Pinaceae","5285165","Pinus pinea"
"303","Pinus pinea L.","Pinaceae","5285165","Pinus pinea"
"304","Pinus ponderosa","Pinaceae","5285053","Pinus ponderosa"
"305","Pinus ponderosa Laws.","Pinaceae","5285053","Pinus ponderosa"
"306","Pinus resinosa","Pinaceae","5285067","Pinus resinosa"
"307","Pinus strobus","Pinaceae","5284982","Pinus strobus"
"308","Pinus sylvaestris","Pinaceae","5285637","Pinus sylvestris"
"309","Pinus sylvestris","Pinaceae","5285637","Pinus sylvestris"
"310","Pinus sylvestris L","Pinaceae","5285637","Pinus sylvestris"
"311","Pinus sylvestris L.","Pinaceae","5285637","Pinus sylvestris"
"312","Pinus sylvestris var. mongolica","Pinaceae","5285637","Pinus sylvestris"
"313","Pinus tabulaeformis","Pinaceae","5285359","Pinus tabuliformis"
"314","Pinus taeda","Pinaceae","5285241","Pinus taeda"
"315","Pinus taeda L.","Pinaceae","5285241","Pinus taeda"
"316","Pinus virginiana Mill.","Pinaceae","5285091","Pinus virginiana"
"317","Piper cordulatum C. DC","Piperaceae","10911201","Piper trinervium"
"318","Piper trigonum C. DC","Piperaceae","4190593","Piper trigonum"
"319","Plantago asiatica","Plantaginaceae","9118978","Plantago asiatica"
"320","Plantago major","Plantaginaceae","3189767","Plantago major"
"321","Platanus acerifolia","Platanaceae","7400250","Platanus hispanica"
"322","Platanus hispanica","Platanaceae","7400250","Platanus hispanica"
"323","Platanus occidentalis","Platanaceae","3152820","Platanus occidentalis"
"324","Podocarpus polystachyus","Podocarpaceae","5286015","Podocarpus polystachyus"
"325","Podocarpus totara","Podocarpaceae","5286079","Podocarpus totara"
"326","Polypodium aureum","Polypodiaceae","8396756","Goniophlebium amoenum"
"327","Populus alba","Salicaceae","3040233","Populus alba"
"328","Populus alba × P. tremula var. glandulosa","Salicaceae","3040233","Populus alba"
"329","Populus angustifolia James","Salicaceae","3040196","Populus angustifolia"
"330","Populus cathayana","Salicaceae","7266641","Populus cathayana"
"331","Populus deltoides","Salicaceae","3040232","Populus deltoides"
"332","Populus deltoides hybrids","Salicaceae","3040232","Populus deltoides"
"333","Populus deltoides nigra","Salicaceae","3040232","Populus deltoides"
"334","Populus euphratica","Salicaceae","3804846","Populus euphratica"
"335","Populus fremontii","Salicaceae","3040237","Populus fremontii"
"336","Populus fremontii S.Watson","Salicaceae","3040237","Populus fremontii"
"337","Populus tomentosa","Salicaceae","3040195","Populus tomentosa"
"338","Populus tremula ×P. Tremuloides","Salicaceae","3040249","Populus tremula"
"339","Populus tremuloides","Salicaceae","3040215","Populus tremuloides"
"340","Populus trichocarpa","Salicaceae","6362904","Populus trichocarpa"
"341","Populus trichocarpa × P. deltoides","Salicaceae","6362904","Populus trichocarpa"
"342","Populus trichocarpa Torr","Salicaceae","6362904","Populus trichocarpa"
"343","Populus wettsteinii","Salicaceae","3804258","Populus wettsteinii"
"344","Potentilla erecta","Rosaceae","5365576","Potentilla erecta"
"345","Pouteria anomala","Sapotaceae","2884642","Pouteria anomala"
"346","Pouteria cladantha","Sapotaceae","2884943","Pouteria cladantha"
"347","Pouteria decorticans","Sapotaceae","2884298","Pouteria decorticans"
"348","Pouteria ramiflora","Sapotaceae","2884228","Pouteria ramiflora"
"349","Protium panamense","Burseraceae","3993834","Protium panamense"
"350","Protium pilosissimum","Burseraceae","3993620","Protium pilosissimum"
"351","Protium tenuifolium","Burseraceae","7286790","Protium tenuifolium"
"352","Prunus americana","Rosaceae","3021106","Prunus americana"
"353","Prunus amygdalus","Rosaceae","3020980","Prunus amygdalus"
"354","Prunus armeniaca","Rosaceae","7818643","Prunus armeniaca"
"355","Prunus armenica cv. Búlida","Rosaceae","3022698","Prunus armenica"
"356","Prunus armenica L.","Rosaceae","3022698","Prunus armenica"
"357","Prunus avium","Rosaceae","3020791","Prunus avium"
"358","Prunus avium L.","Rosaceae","3020791","Prunus avium"
"359","Prunus cerasus","Rosaceae","3021922","Prunus cerasus"
"360","Prunus dulcis","Rosaceae","3020791","Prunus avium"
"361","Prunus laurocerastus","Rosaceae","3021496","Prunus laurocerasus"
"362","Prunus mahaleb","Rosaceae","3022789","Prunus mahaleb"
"363","Prunus persica","Rosaceae","8149923","Prunus persica"
"364","Prunus persica Batsch cv. ‘Suncrest’, grafted on ‘GF 677’ rootstock","Rosaceae","8149923","Prunus persica"
"365","Prunus persica Batsch cv. ‘Suncrest’, grafted on ‘GF 705’ rootstock","Rosaceae","8149923","Prunus persica"
"366","Prunus persica Batsch cv. ‘Suncrest’, grafted on ‘GF 717’ rootstock","Rosaceae","8149923","Prunus persica"
"367","Prunus serotina Ehrh.","Rosaceae","3021850","Prunus serotina"
"368","Prunus spinosa","Rosaceae","3023221","Prunus spinosa"
"369","Prunus yedoensis","Rosaceae","3021335","Prunus yedoensis"
"370","Pseudopiptadenia suaveolens","Fabaceae","3795236","Pseudopiptadenia suaveolens"
"371","Pseudotsuga menziesii","Pinaceae","2685796","Pseudotsuga menziesii"
"372","Pseudotsuga menziesii (Mirb.) Franco","Pinaceae","2685796","Pseudotsuga menziesii"
"373","Pseudotsuga menziesii var menziesii","Pinaceae","2685796","Pseudotsuga menziesii"
"374","Pteridium aquilinum","Dennstaedtiaceae","5275012","Pteridium aquilinum"
"375","Pteris vittata","Pteridaceae","5275398","Pteris vittata"
"376","Pyrus amygdaliformis Vill.","Rosaceae","5362560","Pyrus spinosa"
"377","Pyrus communis","Rosaceae","5362573","Pyrus communis"
"378","Pyrus serotina Rehder var. Hosui","Rosaceae","5362786","Pyrus pyrifolia"
"379","Qualea dichotoma","Vochysiaceae","7288327","Qualea cordata"
"380","Qualea grandiflora","Vochysiaceae","4030658","Qualea grandiflora"
"381","Qualea parviflora","Vochysiaceae","7288348","Qualea parviflora"
"382","Quararibea guianensis","Malvaceae","4073119","Quararibea guianensis"
"383","Quecus petraea","Fagaceae","2880130","Quercus petraea"
"384","Quercus alba","Fagaceae","2879737","Quercus alba"
"385","Quercus canariensis","Fagaceae","2880808","Quercus canariensis"
"386","Quercus cerris","Fagaceae","2880580","Quercus cerris"
"387","Quercus coccinea","Fagaceae","8326061","Quercus coccinea"
"388","Quercus faginea","Fagaceae","2881480","Quercus faginea"
"389","Quercus falcata","Fagaceae","2880967","Quercus falcata"
"390","Quercus frainetto Ten.","Fagaceae","2879520","Quercus conferta"
"391","Quercus gambelii","Fagaceae","2878268","Quercus gambelii"
"392","Quercus garryana","Fagaceae","2879260","Quercus garryana"
"393","Quercus humilis","Fagaceae","2881060","Quercus lusitanica"
"394","Quercus ilex","Fagaceae","2879098","Quercus ilex"
"395","Quercus ilex subsp. ballota","Fagaceae","2879098","Quercus ilex"
"396","Quercus incana","Fagaceae","2878060","Quercus incana"
"397","Quercus laevis","Fagaceae","2878626","Quercus laevis"
"398","Quercus lusitanica","Fagaceae","2881060","Quercus lusitanica"
"399","Quercus margaretta","Fagaceae","12265558","Quercus margaretta"
"400","Quercus marilandica","Fagaceae","2881630","Quercus marilandica"
"401","Quercus mongolica","Fagaceae","2879685","Quercus mongolica"
"402","Quercus oleoides","Fagaceae","2878086","Quercus oleoides"
"403","Quercus palustris","Fagaceae","8313153","Quercus palustris"
"404","Quercus petraea","Fagaceae","2880130","Quercus petraea"
"405","Quercus petraea × robur","Fagaceae","2880130","Quercus petraea"
"406","Quercus phellos","Fagaceae","2880652","Quercus phellos"
"407","Quercus pyrenaica","Fagaceae","2878826","Quercus pyrenaica"
"408","Quercus robur","Fagaceae","2878688","Quercus robur"
"409","Quercus rosacea","Fagaceae","2879292","Quercus rosacea"
"410","Quercus rotundifolia","Fagaceae","2881550","Quercus rotundifolia"
"411","Quercus rubra","Fagaceae","2880539","Quercus rubra"
"412","Quercus serrata","Fagaceae","2879649","Quercus serrata"
"413","Quercus suber","Fagaceae","2879411","Quercus suber"
"414","Quercus variabilis","Fagaceae","2879787","Quercus variabilis"
"415","Quercus virginiana","Fagaceae","2878092","Quercus virginiana"
"416","Querecus coccifera","Fagaceae","2879175","Quercus coccifera"
"417","Rhaphiolepis indica","Rosaceae","5371542","Rhaphiolepis indica"
"418","Rhexia alifanus","Melastomataceae","5420890","Rhexia alifanus"
"419","Rhizophora mangle","Rhizophoraceae","3086528","Rhizophora mangle"
"420","Rinorea guianensis","Violaceae","4075728","Rinorea guianensis"
"421","Robinia pseudoacacia","Fabaceae","5352251","Robinia pseudoacacia"
"422","Roupala montana","Proteaceae","7831077","Roupala montana"
"423","Rubus corylifolius","Rosaceae","2990412","Rubus plicatus"
"424","Saccharum hybrid","Poaceae","6710654","Saccharum hybr"
"425","Salix aegyptiaca × (S. schwerinii × S. viminalis)","Salicaceae","5581756","Salix aegyptiaca"
"426","Salix burjatica × Salix dasyclados","Salicaceae","8183217","Salix gmelinii"
"427","Salix candida","Salicaceae","5372888","Salix candida"
"428","Salix planifolia","Salicaceae","5372987","Salix planifolia"
"429","Salix purpurea","Salicaceae","5372800","Salix purpurea"
"430","Salix reticulata","Salicaceae","5372693","Salix reticulata"
"431","Salix schwerenii × Salix viminalis","Salicaceae","7266500","Salix schwerinii"
"432","Salix schwerinii × Salix viminalis","Salicaceae","7266500","Salix schwerinii"
"433","Salix viminalis","Salicaceae","5372933","Salix viminalis"
"434","Salvia officinalis","Lamiaceae","2927004","Salvia officinalis"
"435","Santalum acuminatum","Santalaceae","3789456","Santalum acuminatum"
"436","Sarcobatus vermiculatus (Hook.)Torr.","Sarcobataceae","3083990","Sarcobatus vermiculatus"
"437","Schefflera macrocarpa","Araliaceae","3038751","Didymopanax macrocarpus"
"438","Schefflera morototoni","Araliaceae","3038523","Didymopanax morototoni"
"439","Schefflera morototonii","Araliaceae","3038523","Didymopanax morototoni"
"440","Schima superba","Theaceae","3591410","Schima superba"
"441","Sclerolobium paniculatum","Fabaceae","3932173","Tachigali vulgaris"
"442","Sclerolobium paniculatum var. Subvelutinum","Fabaceae","3932173","Tachigali vulgaris"
"443","Sequoiadendron giganteum","Cupressaceae","2684120","Sequoiadendron giganteum"
"444","Setaria italica [L.] Beauv.","Poaceae","5289698","Setaria italica"
"445","Simmondsia chinensis","Simmondsiaceae","5361949","Simmondsia chinensis"
"446","Sloanea australis subsp. parviflora","Elaeocarpaceae","7290975","Sloanea australis"
"447","Solanum lycopersicum","Solanaceae","2930137","Solanum lycopersicum"
"448","Solanum tuberosum","Solanaceae","2930262","Solanum tuberosum"
"449","Sonneratia alba","Lythraceae","5406998","Sonneratia alba"
"450","Sorbus torminalis","Rosaceae","9410160","Torminalis glaberrima"
"451","Sorghum bicolor","Poaceae","2705181","Sorghum bicolor"
"452","Spondias mombin","Anacardiaceae","8185571","Spondias mombin"
"453","Stirlingia latifolia","Proteaceae","3995038","Stirlingia latifolia"
"454","Styrax camporum","Styracaceae","7319990","Styrax camporum"
"455","Styrax ferrugineus","Styracaceae","7320025","Styrax ferrugineus"
"456","Swartzia racemosa","Fabaceae","5352126","Swartzia racemosa"
"457","Swietenia macrophylla","Meliaceae","3190484","Swietenia macrophylla"
"458","Symphoricarpos oreophilus A. Gray","Caprifoliaceae","2888644","Symphoricarpos oreophilus"
"459","Syringa reticulata","Oleaceae","5415038","Syringa reticulata"
"460","Tachigali versicolor","Fabaceae","2945191","Tachigali versicolor"
"461","Tachigali vulgaris","Fabaceae","3932173","Tachigali vulgaris"
"462","Tachigalia versicolr","Fabaceae","2945191","Tachigali versicolor"
"463","Tanacetum cinerariifolium","Asteraceae","3118284","Tanacetum cinerariifolium"
"464","Tanacetum cinerariifolium (Trevir.) Sch. Bip","Asteraceae","3118284","Tanacetum cinerariifolium"
"465","Tanecetum cinerariifolium","Asteraceae","3118284","Tanacetum cinerariifolium"
"466","Tapirira guianensis","Anacardiaceae","7321555","Tapirira guianensis"
"467","Taxodium ascendens","Cupressaceae","2684191","Taxodium distichum"
"468","Taxodium distichum","Cupressaceae","2684191","Taxodium distichum"
"469","Terminalia amazonia","Combretaceae","8153963","Terminalia amazonica"
"470","Themeda triandra","Poaceae","2703467","Themeda triandra"
"471","Thuja occidentalis","Cupressaceae","2684178","Thuja occidentalis"
"472","Thuja plicata","Cupressaceae","2684171","Thuja plicata"
"473","Tilia americana","Malvaceae","3152042","Tilia americana"
"474","Tilia cordata","Malvaceae","3152047","Tilia cordata"
"475","Tillia cordata","Malvaceae","3152047","Tilia cordata"
"476","Tradescantia virginiana","Commelinaceae","2765272","Tradescantia virginiana"
"477","Trattinnickia burserifolia","Burseraceae","7286746","Trattinnickia burserifolia"
"478","Triticum aestivum","Poaceae","7795888","Triticum aestivum"
"479","Triticum aestivum SY Matti","Poaceae","7795888","Triticum aestivum"
"480","Tsuga canadensis","Pinaceae","2687182","Tsuga canadensis"
"481","Tsuga caroliniana","Pinaceae","2687245","Tsuga caroliniana"
"482","Tsuga heterophylla","Pinaceae","2687210","Tsuga heterophylla"
"483","Ulmus alata","Ulmaceae","5361878","Ulmus alata"
"484","Ulmus glabra","Ulmaceae","5361866","Ulmus glabra"
"485","Verbascum phoeniceum","Scrophulariaceae","3171951","Verbascum phoeniceum"
"486","Veronica umbrosa","Plantaginaceae","3172070","Veronica hederifolia"
"487","Vicia faba","Fabaceae","2974832","Vicia faba"
"488","Virburnum tinus","Viburnaceae","2888585","Viburnum tinus"
"489","Virola multiflora","Myristicaceae","3743040","Virola multiflora"
"490","Virola surinamensis Warb.","Myristicaceae","3152848","Virola surinamensis"
"491","Vitis vinifera","Vitaceae","5372392","Vitis vinifera"
"492","Vitis vinifera cv. Chardonnay","Vitaceae","5372392","Vitis vinifera"
"493","Vitis vinifera Grenache","Vitaceae","5372392","Vitis vinifera"
"494","Vitis vinifera L.","Vitaceae","5372392","Vitis vinifera"
"495","Vitis vinifera L. cv. Chasselas","Vitaceae","5372392","Vitis vinifera"
"496","Vitis vinifera L. cv. Syrah","Vitaceae","5372392","Vitis vinifera"
"497","Vitis vinifera L.).","Vitaceae","5372392","Vitis vinifera"
"498","Vitis vinifera Syrah","Vitaceae","5372392","Vitis vinifera"
"499","Vochysia ferruginea","Vochysiaceae","7378543","Vochysia ferruginea"
"500","Vochysia thyrsoidea","Vochysiaceae","7288343","Vochysia thyrsoidea"
"501","Vochysia tucanorum","Vochysiaceae","7288316","Vochysia tucanorum"
"502","Vouacapoua americana","Fabaceae","2940383","Vouacapoua americana"
"503","Washingtonia robusta","Arecaceae","5294595","Washingtonia robusta"
"504","Zea mays","Poaceae","5290052","Zea mays"
"505","Zea mays L","Poaceae","5290052","Zea mays"
"506","Zea mays L.","Poaceae","5290052","Zea mays"
"507","Zelkova serrata","Ulmaceae","2984532","Zelkova serrata"
