plot	type	id	true_y	Observer	measure
bar_1	bar	A	0.0000967	Victor	0.0000967
bar_1	bar	B	0.000042	Victor	0.000042
bar_1	bar	C	0.0000878	Victor	0.0000879
bar_2	bar	A	0.0000411	Victor	0.0000411
bar_2	bar	B	0.0000532	Victor	0.0000533
bar_2	bar	C	0.0000195	Victor	0.0000196
bar_2	bar	D	0.0000488	Victor	0.0000488
bar_3	bar	A	0.0000235	Victor	0.0000236
bar_3	bar	B	0.0000327	Victor	0.0000327
bar_3	bar	C	0.0000402	Victor	0.0000403
bar_3	bar	D	0.0000164	Victor	0.0000164
bar_3	bar	E	0.0000237	Victor	0.0000237
bar_3	bar	F	0.0000404	Victor	0.0000404
bar_4	bar	A	0.00000697	Victor	0.00000699
bar_4	bar	B	0.0000145	Victor	0.0000145
bar_4	bar	C	0.0000163	Victor	0.0000163
bar_4	bar	D	0.0000235	Victor	0.0000234
bar_5	bar	A	0.00000842	Victor	0.00000843
bar_5	bar	B	0.00000813	Victor	0.00000814
bar_5	bar	C	0.00000208	Victor	0.0000021
bar_5	bar	D	0.0000051	Victor	0.00000511
bar_5	bar	E	0.00000423	Victor	0.00000426
scatter_1	scatter	1	0.0000459	Victor	0.000046
scatter_1	scatter	2	0.0000646	Victor	0.0000648
scatter_1	scatter	3	0.0000977	Victor	0.0000979
scatter_1	scatter	4	0.000059	Victor	0.0000591
scatter_1	scatter	5	0.0000285	Victor	0.0000284
scatter_1	scatter	6	0.0000641	Victor	0.000064
scatter_1	scatter	7	0.000104	Victor	0.000103944
scatter_1	scatter	8	0.0000421	Victor	0.0000419
scatter_1	scatter	9	0.0000908	Victor	0.0000907
scatter_1	scatter	10	0.0000415	Victor	0.0000414
scatter_1	scatter	11	0.0000298	Victor	0.0000297
scatter_2	scatter	1	0.0000305	Victor	0.0000303
scatter_2	scatter	2	0.0000182	Victor	0.000018
scatter_2	scatter	3	0.0000275	Victor	0.0000274
scatter_2	scatter	4	0.00000912	Victor	0.00000906
scatter_2	scatter	5	0.0000718	Victor	0.0000716
scatter_2	scatter	6	0.0000595	Victor	0.0000594
scatter_2	scatter	7	0.0000135	Victor	0.0000133
scatter_2	scatter	8	0.0000637	Victor	0.0000634
scatter_2	scatter	9	0.0000435	Victor	0.0000432
scatter_2	scatter	10	0.000035	Victor	0.0000348
scatter_2	scatter	11	0.0000123	Victor	0.0000121
scatter_2	scatter	12	0.0000439	Victor	0.0000437
scatter_3	scatter	1	0.000027	Victor	0.000027
scatter_3	scatter	2	0.0000243	Victor	0.0000243
scatter_3	scatter	3	0.0000114	Victor	0.0000114
scatter_3	scatter	4	0.000011	Victor	0.000011
scatter_3	scatter	5	0.000025	Victor	0.0000249
scatter_3	scatter	6	0.0000426	Victor	0.0000424
scatter_3	scatter	7	0.0000184	Victor	0.0000184
scatter_3	scatter	8	0.0000125	Victor	0.0000124
scatter_3	scatter	9	0.0000158	Victor	0.0000158
scatter_3	scatter	10	0.0000262	Victor	0.0000261
scatter_3	scatter	11	0.00000586	Victor	0.00000578
scatter_3	scatter	12	0.000037	Victor	0.0000369
scatter_3	scatter	13	0.00000941	Victor	0.00000934
scatter_4	scatter	1	0.0000179	Victor	0.0000179
scatter_4	scatter	2	0.0000202	Victor	0.0000202
scatter_4	scatter	3	0.00000596	Victor	0.000006
scatter_4	scatter	4	0.0000105	Victor	0.0000105
scatter_4	scatter	5	0.0000257	Victor	0.0000256
scatter_4	scatter	6	0.000015	Victor	0.000015
scatter_4	scatter	7	0.00000625	Victor	0.0000063
scatter_4	scatter	8	0.0000239	Victor	0.0000238
scatter_4	scatter	9	0.00000792	Victor	0.00000795
scatter_4	scatter	10	0.0000252	Victor	0.0000252
scatter_4	scatter	11	0.0000243	Victor	0.0000242
scatter_4	scatter	12	0.00000627	Victor	0.00000627
scatter_5	scatter	1	0.00000209	Victor	0.00000209
scatter_5	scatter	2	0.00000808	Victor	0.00000806
scatter_5	scatter	3	0.00000369	Victor	0.0000037
scatter_5	scatter	4	0.00000355	Victor	0.00000355
scatter_5	scatter	5	0.00000423	Victor	0.00000424
scatter_5	scatter	6	0.00000483	Victor	0.00000481
scatter_5	scatter	7	0.00000394	Victor	0.00000393
scatter_5	scatter	8	0.00000473	Victor	0.00000471
scatter_5	scatter	9	0.0000014	Victor	0.00000139
scatter_5	scatter	10	0.0000025	Victor	0.00000249
scatter_5	scatter	11	0.00000886	Victor	0.00000882
bar_1	bar	A	0.0000967	Yanchao	0.0000966387
bar_1	bar	B	0.000042	Yanchao	0.0000420168
bar_1	bar	C	0.0000878	Yanchao	0.0000878151
bar_2	bar	A	0.0000411	Yanchao	0.0000411268
bar_2	bar	B	0.0000532	Yanchao	0.0000532394
bar_2	bar	C	0.0000195	Yanchao	0.0000194366
bar_2	bar	D	0.0000488	Yanchao	0.0000487324
bar_3	bar	A	0.0000235	Yanchao	0.0000236842
bar_3	bar	B	0.0000327	Yanchao	0.000032807
bar_3	bar	C	0.0000402	Yanchao	0.0000403509
bar_3	bar	D	0.0000164	Yanchao	0.0000164912
bar_3	bar	E	0.0000237	Yanchao	0.0000236842
bar_3	bar	F	0.0000404	Yanchao	0.0000405263
bar_4	bar	A	0.00000697	Yanchao	0.00000705263
bar_4	bar	B	0.0000145	Yanchao	0.0000145263
bar_4	bar	C	0.0000163	Yanchao	0.0000163158
bar_4	bar	D	0.0000235	Yanchao	0.0000235789
bar_5	bar	A	0.00000842	Yanchao	0.00000845614
bar_5	bar	B	0.00000813	Yanchao	0.00000814035
bar_5	bar	C	0.00000208	Yanchao	0.00000207018
bar_5	bar	D	0.0000051	Yanchao	0.00000512281
bar_5	bar	E	0.00000423	Yanchao	0.00000424561
scatter_1	scatter	1	0.0000459	Yanchao	0.0000461538
scatter_1	scatter	2	0.0000646	Yanchao	0.0000645299
scatter_1	scatter	3	0.0000977	Yanchao	0.0000978632
scatter_1	scatter	4	0.000059	Yanchao	0.0000594017
scatter_1	scatter	5	0.0000285	Yanchao	0.0000286325
scatter_1	scatter	6	0.0000641	Yanchao	0.0000641026
scatter_1	scatter	7	0.000104	Yanchao	0.000103846
scatter_1	scatter	8	0.0000421	Yanchao	0.0000423077
scatter_1	scatter	9	0.0000908	Yanchao	0.0000905983
scatter_1	scatter	10	0.0000415	Yanchao	0.0000418803
scatter_1	scatter	11	0.0000298	Yanchao	0.0000299145
scatter_2	scatter	1	0.0000305	Yanchao	0.0000304626
scatter_2	scatter	2	0.0000182	Yanchao	0.0000182206
scatter_2	scatter	3	0.0000275	Yanchao	0.0000276157
scatter_2	scatter	4	0.00000912	Yanchao	0.00000911032
scatter_2	scatter	5	0.0000718	Yanchao	0.0000717438
scatter_2	scatter	6	0.0000595	Yanchao	0.0000595018
scatter_2	scatter	7	0.0000135	Yanchao	0.0000136655
scatter_2	scatter	8	0.0000637	Yanchao	0.0000637722
scatter_2	scatter	9	0.0000435	Yanchao	0.0000435587
scatter_2	scatter	10	0.000035	Yanchao	0.0000350178
scatter_2	scatter	11	0.0000123	Yanchao	0.0000125267
scatter_2	scatter	12	0.0000439	Yanchao	0.0000438434
scatter_3	scatter	1	0.000027	Yanchao	0.0000270463
scatter_3	scatter	2	0.0000243	Yanchao	0.0000243772
scatter_3	scatter	3	0.0000114	Yanchao	0.0000113879
scatter_3	scatter	4	0.000011	Yanchao	0.000011032
scatter_3	scatter	5	0.000025	Yanchao	0.000025089
scatter_3	scatter	6	0.0000426	Yanchao	0.0000427046
scatter_3	scatter	7	0.0000184	Yanchao	0.0000185053
scatter_3	scatter	8	0.0000125	Yanchao	0.0000126335
scatter_3	scatter	9	0.0000158	Yanchao	0.0000158363
scatter_3	scatter	10	0.0000262	Yanchao	0.0000263345
scatter_3	scatter	11	0.00000586	Yanchao	0.00000587189
scatter_3	scatter	12	0.000037	Yanchao	0.0000370107
scatter_3	scatter	13	0.00000941	Yanchao	0.0000094306
scatter_4	scatter	1	0.0000179	Yanchao	0.0000178958
scatter_4	scatter	2	0.0000202	Yanchao	0.0000201586
scatter_4	scatter	3	0.00000596	Yanchao	0.00000602925
scatter_4	scatter	4	0.0000105	Yanchao	0.0000105421
scatter_4	scatter	5	0.0000257	Yanchao	0.0000257695
scatter_4	scatter	6	0.000015	Yanchao	0.0000150682
scatter_4	scatter	7	0.00000625	Yanchao	0.0000061884
scatter_4	scatter	8	0.0000239	Yanchao	0.0000239868
scatter_4	scatter	9	0.00000792	Yanchao	0.000008036
scatter_4	scatter	10	0.0000252	Yanchao	0.0000252987
scatter_4	scatter	11	0.0000243	Yanchao	0.0000243477
scatter_4	scatter	12	0.00000627	Yanchao	0.00000636084
scatter_5	scatter	1	0.00000209	Yanchao	0.00000209964
scatter_5	scatter	2	0.00000808	Yanchao	0.00000807829
scatter_5	scatter	3	0.00000369	Yanchao	0.00000370107
scatter_5	scatter	4	0.00000355	Yanchao	0.00000355872
scatter_5	scatter	5	0.00000423	Yanchao	0.00000423488
scatter_5	scatter	6	0.00000483	Yanchao	0.00000483986
scatter_5	scatter	7	0.00000394	Yanchao	0.00000395018
scatter_5	scatter	8	0.00000473	Yanchao	0.0000047331
scatter_5	scatter	9	0.0000014	Yanchao	0.00000142349
scatter_5	scatter	10	0.0000025	Yanchao	0.00000252669
scatter_5	scatter	11	0.00000886	Yanchao	0.00000886121
bar_1	bar	A	0.0000967	Abiel	0.00009642
bar_1	bar	B	0.000042	Abiel	0.0000418
bar_1	bar	C	0.0000878	Abiel	0.0000871
bar_2	bar	A	0.0000411	Abiel	0.000041
bar_2	bar	B	0.0000532	Abiel	0.00005316
bar_2	bar	C	0.0000195	Abiel	0.0000195
bar_2	bar	D	0.0000488	Abiel	0.00004867
bar_3	bar	A	0.0000235	Abiel	0.0000236
bar_3	bar	B	0.0000327	Abiel	0.00003308
bar_3	bar	C	0.0000402	Abiel	0.00004074
bar_3	bar	D	0.0000164	Abiel	0.00001627
bar_3	bar	E	0.0000237	Abiel	0.00002372
bar_3	bar	F	0.0000404	Abiel	0.000040957
bar_4	bar	A	0.00000697	Abiel	0.000007019
bar_4	bar	B	0.0000145	Abiel	0.000014472
bar_4	bar	C	0.0000163	Abiel	0.000016335
bar_4	bar	D	0.0000235	Abiel	0.00002354
bar_5	bar	A	0.00000842	Abiel	0.0000084016
bar_5	bar	B	0.00000813	Abiel	0.0000081147
bar_5	bar	C	0.00000208	Abiel	0.00000209016
bar_5	bar	D	0.0000051	Abiel	0.000005061475
bar_5	bar	E	0.00000423	Abiel	0.0000042008
scatter_1	scatter	1	0.0000459	Abiel	0.000045959
scatter_1	scatter	2	0.0000646	Abiel	0.00006439
scatter_1	scatter	3	0.0000977	Abiel	0.000097474
scatter_1	scatter	4	0.000059	Abiel	0.0000590909
scatter_1	scatter	5	0.0000285	Abiel	0.000028535
scatter_1	scatter	6	0.0000641	Abiel	0.00006388
scatter_1	scatter	7	0.000104	Abiel	0.0001037878
scatter_1	scatter	8	0.0000421	Abiel	0.000041919191
scatter_1	scatter	9	0.0000908	Abiel	0.00009065656
scatter_1	scatter	10	0.0000415	Abiel	0.0000419191
scatter_1	scatter	11	0.0000298	Abiel	0.00002954545
scatter_2	scatter	1	0.0000305	Abiel	0.00003042
scatter_2	scatter	2	0.0000182	Abiel	0.000017983
scatter_2	scatter	3	0.0000275	Abiel	0.00002739495
scatter_2	scatter	4	0.00000912	Abiel	0.0000090756302
scatter_2	scatter	5	0.0000718	Abiel	0.0000715966
scatter_2	scatter	6	0.0000595	Abiel	0.00005932773
scatter_2	scatter	7	0.0000135	Abiel	0.0000134453
scatter_2	scatter	8	0.0000637	Abiel	0.0000636974
scatter_2	scatter	9	0.0000435	Abiel	0.0000433613
scatter_2	scatter	10	0.000035	Abiel	0.000034789
scatter_2	scatter	11	0.0000123	Abiel	0.0000122689
scatter_2	scatter	12	0.0000439	Abiel	0.0000438655
scatter_3	scatter	1	0.000027	Abiel	0.000026979
scatter_3	scatter	2	0.0000243	Abiel	0.00002406249
scatter_3	scatter	3	0.0000114	Abiel	0.00001156249
scatter_3	scatter	4	0.000011	Abiel	0.00001114583
scatter_3	scatter	5	0.000025	Abiel	0.0000249999
scatter_3	scatter	6	0.0000426	Abiel	0.000042499
scatter_3	scatter	7	0.0000184	Abiel	0.00001833
scatter_3	scatter	8	0.0000125	Abiel	0.0000127083
scatter_3	scatter	9	0.0000158	Abiel	0.0000157291
scatter_3	scatter	10	0.0000262	Abiel	0.0000261458
scatter_3	scatter	11	0.00000586	Abiel	0.00000593749
scatter_3	scatter	12	0.000037	Abiel	0.00003677
scatter_3	scatter	13	0.00000941	Abiel	0.0000095833
scatter_4	scatter	1	0.0000179	Abiel	0.000017848
scatter_4	scatter	2	0.0000202	Abiel	0.000020063
scatter_4	scatter	3	0.00000596	Abiel	0.0000059493
scatter_4	scatter	4	0.0000105	Abiel	0.000010443
scatter_4	scatter	5	0.0000257	Abiel	0.00002563291
scatter_4	scatter	6	0.000015	Abiel	0.0000149367
scatter_4	scatter	7	0.00000625	Abiel	0.00000613924
scatter_4	scatter	8	0.0000239	Abiel	0.000023924
scatter_4	scatter	9	0.00000792	Abiel	0.0000078481
scatter_4	scatter	10	0.0000252	Abiel	0.00002518987
scatter_4	scatter	11	0.0000243	Abiel	0.000024303797
scatter_4	scatter	12	0.00000627	Abiel	0.00000626582
scatter_5	scatter	1	0.00000209	Abiel	0.00000210084
scatter_5	scatter	2	0.00000808	Abiel	0.000008088235
scatter_5	scatter	3	0.00000369	Abiel	0.000003718487
scatter_5	scatter	4	0.00000355	Abiel	0.0000035714
scatter_5	scatter	5	0.00000423	Abiel	0.000004243697
scatter_5	scatter	6	0.00000483	Abiel	0.0000048319
scatter_5	scatter	7	0.00000394	Abiel	0.000003970588
scatter_5	scatter	8	0.00000473	Abiel	0.00000472689
scatter_5	scatter	9	0.0000014	Abiel	0.00000142857
scatter_5	scatter	10	0.0000025	Abiel	0.0000025210084
scatter_5	scatter	11	0.00000886	Abiel	0.00000884453
bar_1	bar	A	0.0000967	Margaux	9.66666666666667E-05
bar_1	bar	B	0.000042	Margaux	4.19607843137255E-05
bar_1	bar	C	0.0000878	Margaux	8.76470588235294E-05
bar_2	bar	A	0.0000411	Margaux	4.10869565217391E-05
bar_2	bar	B	0.0000532	Margaux	5.32173913043478E-05
bar_2	bar	C	0.0000195	Margaux	1.94347826086957E-05
bar_2	bar	D	0.0000488	Margaux	4.86521739130435E-05
bar_3	bar	A	0.0000235	Margaux	2.34782608695652E-05
bar_3	bar	B	0.0000327	Margaux	3.26902173913043E-05
bar_3	bar	C	0.0000402	Margaux	4.01902173913043E-05
bar_3	bar	D	0.0000164	Margaux	1.63858695652174E-05
bar_3	bar	E	0.0000237	Margaux	2.36413043478261E-05
bar_3	bar	F	0.0000404	Margaux	4.03532608695652E-05
bar_4	bar	A	0.00000697	Margaux	6.96652719665272E-06
bar_4	bar	B	0.0000145	Margaux	1.44351464435146E-05
bar_4	bar	C	0.0000163	Margaux	1.63179916317992E-05
bar_4	bar	D	0.0000235	Margaux	2.35355648535565E-05
bar_5	bar	A	0.00000842	Margaux	8.42105263157895E-06
bar_5	bar	B	0.00000813	Margaux	8.13067150635209E-06
bar_5	bar	C	0.00000208	Margaux	2.06896551724138E-06
bar_5	bar	D	0.0000051	Margaux	5.08166969147005E-06
bar_5	bar	E	0.00000423	Margaux	4.22867513611615E-06
scatter_1	scatter	1	0.0000459	Margaux	4.5906200317965E-05
scatter_1	scatter	2	0.0000646	Margaux	6.45866454689984E-05
scatter_1	scatter	3	0.0000977	Margaux	9.75755166931637E-05
scatter_1	scatter	4	0.000059	Margaux	5.90222575516693E-05
scatter_1	scatter	5	0.0000285	Margaux	2.86168521462639E-05
scatter_1	scatter	6	0.0000641	Margaux	6.39904610492846E-05
scatter_1	scatter	7	0.000104	Margaux	0.000103934817170111
scatter_1	scatter	8	0.0000421	Margaux	4.21303656597774E-05
scatter_1	scatter	9	0.0000908	Margaux	9.06200317965024E-05
scatter_1	scatter	10	0.0000415	Margaux	4.15341812400636E-05
scatter_1	scatter	11	0.0000298	Margaux	2.98092209856916E-05
scatter_2	scatter	1	0.0000305	Margaux	3.0514096185738E-05
scatter_2	scatter	2	0.0000182	Margaux	1.83084577114428E-05
scatter_2	scatter	3	0.0000275	Margaux	2.75953565505804E-05
scatter_2	scatter	4	0.00000912	Margaux	9.15422885572139E-06
scatter_2	scatter	5	0.0000718	Margaux	7.17744610281924E-05
scatter_2	scatter	6	0.0000595	Margaux	5.95688225538972E-05
scatter_2	scatter	7	0.0000135	Margaux	1.35323383084577E-05
scatter_2	scatter	8	0.0000637	Margaux	6.3681592039801E-05
scatter_2	scatter	9	0.0000435	Margaux	4.35157545605307E-05
scatter_2	scatter	10	0.000035	Margaux	3.50248756218906E-05
scatter_2	scatter	11	0.0000123	Margaux	1.23383084577114E-05
scatter_2	scatter	12	0.0000439	Margaux	4.39137645107794E-05
scatter_3	scatter	1	0.000027	Margaux	2.71217712177122E-05
scatter_3	scatter	2	0.0000243	Margaux	2.43542435424354E-05
scatter_3	scatter	3	0.0000114	Margaux	1.14391143911439E-05
scatter_3	scatter	4	0.000011	Margaux	1.1070110701107E-05
scatter_3	scatter	5	0.000025	Margaux	2.50922509225092E-05
scatter_3	scatter	6	0.0000426	Margaux	4.2619926199262E-05
scatter_3	scatter	7	0.0000184	Margaux	1.8450184501845E-05
scatter_3	scatter	8	0.0000125	Margaux	1.25461254612546E-05
scatter_3	scatter	9	0.0000158	Margaux	1.58671586715867E-05
scatter_3	scatter	10	0.0000262	Margaux	2.61992619926199E-05
scatter_3	scatter	11	0.00000586	Margaux	5.90405904059041E-06
scatter_3	scatter	12	0.000037	Margaux	3.690036900369E-05
scatter_3	scatter	13	0.00000941	Margaux	9.40959409594097E-06
scatter_4	scatter	1	0.0000179	Margaux	1.78606965174129E-05
scatter_4	scatter	2	0.0000202	Margaux	2.01990049751244E-05
scatter_4	scatter	3	0.00000596	Margaux	5.92039800995024E-06
scatter_4	scatter	4	0.0000105	Margaux	1.04975124378109E-05
scatter_4	scatter	5	0.0000257	Margaux	2.56716417910448E-05
scatter_4	scatter	6	0.000015	Margaux	1.49751243781095E-05
scatter_4	scatter	7	0.00000625	Margaux	6.21890547263681E-06
scatter_4	scatter	8	0.0000239	Margaux	2.38308457711443E-05
scatter_4	scatter	9	0.00000792	Margaux	7.91044776119403E-06
scatter_4	scatter	10	0.0000252	Margaux	2.51243781094527E-05
scatter_4	scatter	11	0.0000243	Margaux	2.42786069651741E-05
scatter_4	scatter	12	0.00000627	Margaux	6.26865671641791E-06
scatter_5	scatter	1	0.00000209	Margaux	2.10332103321033E-06
scatter_5	scatter	2	0.00000808	Margaux	8.08118081180812E-06
scatter_5	scatter	3	0.00000369	Margaux	3.690036900369E-06
scatter_5	scatter	4	0.00000355	Margaux	3.54243542435424E-06
scatter_5	scatter	5	0.00000423	Margaux	4.24354243542435E-06
scatter_5	scatter	6	0.00000483	Margaux	4.8339483394834E-06
scatter_5	scatter	7	0.00000394	Margaux	3.94833948339483E-06
scatter_5	scatter	8	0.00000473	Margaux	4.72324723247232E-06
scatter_5	scatter	9	0.0000014	Margaux	1.40221402214022E-06
scatter_5	scatter	10	0.0000025	Margaux	2.50922509225092E-06
scatter_5	scatter	11	0.00000886	Margaux	8.85608856088561E-06
